name,website,phone,address,rating,review_count
Convention Printing of Atlanta Catalogs-Banners-Large Format Printing,https://www.conventionprintingofamerica.com/ga/atlanta,+14044100289,650 Ponce De Leon Ave,Not found,5
Atlanta Canvas and Print,https://atlcanvas.com,+17707222654,No address found,Not found,71
TA Ticket Printing LLC,https://www.taticketprinting.com,+18777254881,1206 Spring St,Not found,4
"FASTSIGNS of Atlanta, GA - Buckhead",https://www.fastsigns.com/buckhead-atlanta-ga,+14048825453,3131 E Shadowlawn Ave,Not found,88
"FASTSIGNS of Atlanta, GA - Downtown",https://www.fastsigns.com/downtown-atlanta-ga,+14046203439,141 North Avenue,Not found,245
FedEx Office Print & Ship Center,https://local.fedex.com/en-us/ga/atlanta/office-1527,+14042210000,100 Peachtree St,Not found,140
Repro Products,https://www.reproproducts.com,+18666657604,"4485 Atlanta Rd, Smyrna, GA 30080",Not found,Not found
"FASTSIGNS of Atlanta, GA - South Buckhead",https://www.fastsigns.com/south-buckhead-atlanta-ga,+14046206161,528 Plasters Ave,Not found,49
East Atlanta Copy Center,https://eastatlantacopycenter.com,+14046223222,1287 Glenwood Ave,Not found,152
The T-Shirt Lady,http://www.thetshirtlady.com,+14049978337,No address found,Not found,81
The UPS Store,https://locations.theupsstore.com/ga/atlanta/5456-peachtree-blvd,+17704581922,"5456 Peachtree Blvd, Atlanta, GA 30341",Not found,92
Staples Print & Marketing Services,https://stores.staples.com/ga/atlanta/650-ponce-de-leon-ave/print-and-marketing-services,+14048810354,650 Ponce De Leon Ave,Not found,Not found
Danger Press,https://www.dangerpress.com,+14049546627,"Address: 675 Metropolitan Pkwy SW #6020, Atlanta, GA 30310, United States",Not found,46
Elevate graphics,http://elevate.graphics,+16786427979,2135 Defoor Hills Rd,Not found,15
Colorchrome,http://www.colorchrome.com,+14043210009,"5555 Oakbrook Pkwy Suite 555, Norcross, GA 30093",Not found,108
Peach City Customs,https://peachcityprints.com,+14703760019,"2459 Roosevelt Hwy Suite B1, College Park, GA 30337",Not found,22
Limitless Prints and Graphics,http://www.lpgdesignz.com,+14045001629,3979 Buford,Not found,18
PrintWithMe Print Kiosk at East Atlanta Copy Center,http://app.printwithme.com/location/atlantacopycenter,+17737972118,1287 Glenwood Ave,Not found,Not found
AlphaGraphics,http://www.alphagraphics.com/centers/atlanta-georgia-us428.html,+14043029161,34 Peachtree St,Not found,36
Document Pros,http://document-pros.com,+14048168686,3340 Peachtree Rd,Not found,76
"Accent Graphics, Inc.",http://www.agprintco.com,+17704553366,"5583 Peachtree Rd, Atlanta, GA 30341",Not found,10
Georgia Print Services inc.,http://weprintthis.com,+14045941904,No address found,Not found,15
Auburn Vinyl Store,http://www.auburnvinyl.com,+16787545122,242 Auburn Ave,Not found,47
Minuteman Press,https://minuteman.com/us/locations/ga/atlanta21,+14048741443,2195 Defoor Hills Rd,Not found,53
"Caleris Solutions, (Printing, Pack & Ship, Promotional Products)",https://calerissolutions.com,1000000014,817 West Peachtree Street Northwest,Not found,15
Allen's Printing,https://www.allensprintingco.com,+14047550965,70 Chicamauga Ave,Not found,89
Layout Signs & Print Shop,http://www.layoutsigns.com,+17706932191,1710 Cumberland Point Dr,Not found,51
AlphaGraphics Buckhead,http://us592.alphagraphics.com,+14045046088,3424 Peachtree Rd,Not found,208
PrintingATL,https://printingatl.com,+17704768828,2875 N Berkeley Lake Rd,Not found,72
GA Tech Printing & Copying Service,https://www.oit.gatech.edu/printing-and-copying-services,+14048943570,811 Marietta St,Not found,2
Clash Graphics Print Shop Atlanta Flyer Printing,https://www.clashgraphics.com,+16782353464,2233 Peachtree Rd,Not found,221
One Stop Printing & Signs,https://onestopprintingatl.com,+14043519771,857 Collier Rd,Not found,15
Prima Atlanta Printer,http://www.primaflyers.com,+14043557200,191 14th St,Not found,166
Canterbury Press,http://www.canterburypress.net,+17709528309,"Address: 120 Interstate N Pkwy E SE #200, Atlanta, GA 30339, United States",Not found,13
Office Depot Print & Copy Services,https://www.officedepot.com/storelocator/ga/atlanta/office-depot-2538/print-services,+14708192346,1801 Howell Ml Rd,Not found,4
"Sir Speedy Print, Signs, Marketing",https://www.sirspeedy.com/atlantaga420,+14046990600,650 Wharton Dr,Not found,243
The Print Shop,http://www.theprintshopatl.com,+14042545099,675 Ponce De Leon Ave,Not found,34
Split Arrow Print House,http://splitarrowprints.com,1000000014,2101 Faulkner Rd,Not found,13
Instant Imprints Smyrna,https://locations.instantimprints.com/ga/smyrna/smyrna,+16784241420,"Address: 3150 Highlands Pkwy SE #106, Smyrna, GA 30082, United States",Not found,205
Atlanta Screenprints LLC,http://www.atlantascreenprints.com,+17709782854,3230 Industrial Way,Not found,28
Copy Central,https://copycentralga.com,+14046050211,"2150 Powers Ferry Rd, Atlanta, GA 30339",Not found,34
We Print This LLC,https://www.weprintthis.com,+14045941904,No address found,Not found,46
District Print Shop,http://districtprintshop.com,+14702560376,1468 North Avenue,Not found,46
The Printfather Print Shop,https://theprintfather.com,+14703444891,1959 Piedmont Rd,Not found,22
Flyers Atlanta,http://www.flyersatlanta.com,+16782353469,"2233 Peachtree Rd, Atlanta, GA 30309",Not found,24
Printing People,https://www.printingpeople.com,+17704527561,3427 Oakcliff Rd,Not found,7
Adman Promotions & In A Snap Imprints,https://inasnapimprints.com,+16787200753,"Address: 1215 Hightower Trail # B250, Sandy Springs, GA 30350, United States",Not found,161
Print Tara,http://www.printtara.me,+16787606502,4126 Pleasantdale Rd,Not found,11
Alee & Press,http://www.aleeandpress.com,+14045502767,"1915 Bragg St, Atlanta, GA 30341",Not found,17
Odditees Printing,http://odditeesprinting.com,+17704015977,2101 Faulkner Rd,Not found,29
"IS Studio Atlanta Custom Screen Print, T Shirts, Hoodies, & More!",http://isscreenprinters.com,+14043294543,1269 Pryor Rd,Not found,94
Advanced Imaging Printing,http://advimagingatl.com,+14043036918,"5825 Glenridge Dr, Atlanta, GA 30328",Not found,2
Martino-White Printing Inc,http://www.martinowhite.com,+14047688708,"543 N Central Ave, Atlanta, GA 30354",Not found,36
The East Point Printing Company,https://www.eastpointprinting.com,+14047659434,"2759 Church St, Atlanta, GA 30344",Not found,77
"Professional Photo Resources, Inc. (PPR)",http://www.ppratlanta.com,+14048851885,1370 Hills Pl,Not found,176
Toco Instant Printing Inc,http://tocoprinting.com,+14043215677,"2960 N Druid Hills Rd, Atlanta, GA 30329",Not found,44
Decatur Atlanta Printing,https://decaturatlantaprinting.com,+14043784231,"1763 Montreal Cir, Tucker, GA 30084",Not found,128
SpeedPro of Greater Atlanta,https://www.speedpro.com/greater-atlanta,+14045779090,2135 Defoor Hills Rd,Not found,153
"FASTSIGNS of Atlanta, GA - Downtown-Central Business District",https://www.fastsigns.com/downtown-atlanta-ga-central-business-district,+14049991170,87 Walton St,Not found,3
247 Designs & Prints - Atlanta's # 1 Embroidery & Screen Printing Print Shop,http://www.247designsandprints.com,+14042283657,"3940 Shirley Dr, Atlanta, GA 30336",Not found,14
ABC Imaging - Atlanta,https://www.abcimaging.com,+14044788609,1430 W Peachtree St,Not found,166
SpeedPro Marietta,https://www.speedpro.com/marietta,+17708022413,"200 Cobb Pkwy N, Marietta, GA 30062",Not found,171
"bannerNprint, Inc",http://www.bannernprint.com,+18888744003,"2100 Norcross Pkwy STE 130, Norcross, GA 30071",Not found,169
Staples,https://stores.staples.com/ga/atlanta/650-ponce-de-leon-ave,+14048810354,650 Ponce De Leon Ave,Not found,311
FedEx Office Ship Center,https://local.fedex.com/en-us/ga/atlanta/office-4407,+14046795743,2441 Cheshire Bridge Rd,Not found,74
Brookwood Printing,https://www.brookwoodprinting.com,+14048720327,764 Miami Cir,Not found,5
PostNet,https://locations.postnet.com/ga/atlanta/1700-northside-drive-ste-a7,+16786129709,1700 Northside Dr,Not found,96
Office Depot,https://www.officedepot.com/storelocator/ga/atlanta/office-depot-2538,+14043520626,1801 Howell Ml Rd,Not found,329
Snellville Print Solutions inc,https://snellvilleprintsolutions.com,+14704481108,1990 Main St,Not found,99
A & O Printing LLC,http://www.aandoprinting.com,+14044629334,"1380 Ralph David Abernathy Blvd, Atlanta, GA 30310",Not found,125
Tucker Castleberry Printing,https://www.tuckercastleberry.com,+14046263338,No address found,Not found,41
A-1 Blue Print,http://www.a1blue.com,+14045248881,328 Boulevard,Not found,114
West End Print Shop,https://wepsatlanta.com,+14047527625,964 Ralph David Abernathy Blvd,Not found,454
IMAGERS,https://www.imagers.com,+14043515800,3560 Atlanta Industrial Dr,Not found,14
AlphaGraphics Tri-Cities - Atlanta Airport,https://www.alphagraphics.com/centers/east-point-georgia-us793.html,+17705262522,"3067 Main St, East Point, GA 30344",Not found,55
FlyersATL,http://www.flyersatl.com,+17707502451,555 Whitehall St,Not found,17
GO PRINT SOLUTIONS LLC,http://goprints.co,+14709091447,313 Nelson St,Not found,16
SameDay Printing,https://samedayprinting.com,+18004113106,1954 Airport Rd,Not found,27
OfficeMax Print & Copy Services,https://www.officedepot.com/storelocator/ga/atlanta/officemax-6093/print-services,+14707957622,"2955 Cobb Pkwy SE, Atlanta, GA 30339",Not found,7
ARC Document Solutions,https://www.e-arc.com/location/atlanta,+14048735911,640 10th St,Not found,441
612 Printing,https://612printing.com,+14046647785,555 Whitehall St,Not found,18
"Atlanta AdGraphics, LLC",https://atlantaadgraphics.com,+17704979460,248 E Crogan St,Not found,23
Atlanta Printing Company,http://www.atlantaprintingcompany.com,+17704191990,1389 W Peachtree St,Not found,Not found
