name,website,phone,address,rating,review_count
LA Prints West Hollywood,http://www.laprintswesthollywood.com,+12139053624,"8380 Santa Monica Blvd Suite 102, West Hollywood, CA 90069",Not found,Not found
Westprint,http://www.westprint.com,+19492503212,"1600 N Kraemer Blvd, Anaheim, CA 92806",Not found,50
Print Design By Santiago,http://www.printdesignbys.com,+18186606251,4138 Eagle Rock Blvd,Not found,3
Minuteman Press Hollywood,https://ca298.minuteman.com,+13234611222,"6501 Sunset Blvd, Los Angeles, CA 90028",Not found,129
Bella Printing Services,http://bellaprintingservices.com,+18182470300,420 S Glendale Ave,Not found,19
Design Printing,http://dprintla.com,+13235499444,5364 Venice Blvd,Not found,21
Grand Printing,https://www.grandprinting.net,+16269661708,"221 E San Bernardino Rd, Covina, CA 91723",Not found,41
"MX Graphics, Inc.",http://www.mxgraphics.net,+16263309588,"15474 Valley Blvd, City of Industry, CA 91746",Not found,54
Printing Boss,http://www.printingboss.com,+16618606699,"42215 12th St W, Lancaster, CA 93534",Not found,51
OK Printing Design and Digital Print,https://okprintingdigital.com,+13235829402,"2851 E Gage Ave, Huntington Park, CA 90255",Not found,42
Redlands Print And Design,http://www.redlandsprint.com,+19097927221,"409 E Citrus Ave, Redlands, CA 92373",Not found,36
PrintMyStuff / PIP,https://printmystuff.com,+19517371820,501 E 6th St,Not found,13
Printers Company,http://printerscom.com,+13102075507,"12121 Wilshire Blvd, Los Angeles, CA 90025",Not found,87
LA Print Center,http://www.laprintcenter.com,+18188044777,"9130 B Reseda Blvd, Northridge, CA 91325",Not found,13
Printing Fly,http://www.printingfly.com,+13102879982,322 Culver Blvd,Not found,49
KTG Printing & Embroidery,https://ktgprinting.com,+18184917465,9027 Canoga Ave,Not found,423
FedEx Office Print & Ship Center,https://local.fedex.com/en-us/ca/cypress/office-1014,+17142521106,"5930 Corporate Ave, Cypress, CA 90630",Not found,92
Print Masters,http://printmasterlosal.com,+15624934547,"10666 Los Alamitos Blvd, Los Alamitos, CA 90720",Not found,Not found
Commercial Printing,http://cpnla.com,+13232562925,"1623 Colorado Blvd, Los Angeles, CA 90041",Not found,25
Universal Print & Copy,https://www.universalprintandcopy.com,+13238763500,"3535 Cahuenga Blvd, Los Angeles, CA 90068",Not found,108
POV | Fine Art Printing Studio,https://fineartprinting.la,+12135872958,"834 Ceres Ave, Los Angeles, CA 90021",Not found,272
Copyland,https://copyland.com,+13104793957,1807 W Verdugo Ave,Not found,44
Instant Print Inc,http://www.instantprintinc.com,+13106716118,"201 W Manchester Blvd, Inglewood, CA 90301",Not found,39
Minuteman Press,http://mmpbeverlywood.com,+13105584752,"2818 S Robertson Blvd, Los Angeles, CA 90034",Not found,136
RushMyPrints,https://www.rushmyprints.com/commercial-printer-in-los-angeles,+12132616021,555 W 5th St,Not found,51
Corona Print Shop,http://www.coronaprintshop.com,+19518335031,2185 Sampson Ave,Not found,66
Downtown LA Printer,http://www.downtownlaprinter.com,+12132869000,"1500 Main St, Los Angeles, CA 90015",Not found,62
NoHo Copy & Printing,http://nohoprint.com,+18187554542,"4795 Vineland Ave, North Hollywood, CA 91602",Not found,150
Print2for1,http://www.print2for1.com,+13102729101,"16010 Crenshaw Blvd, REAR Suite M 2nd FLOOR, Gardena, CA 90249",Not found,114
UPrinting,http://www.uprinting.com,1000000014,"10930 Santa Monica Blvd, Los Angeles, CA 90025",Not found,Not found
LA Copy Center,http://www.lacopycenter.com,+18005542202,"9130 Reseda Blvd, Northridge, CA 91325",Not found,42
Patterson Print Shops,https://pattersonprintshop.com,+17604888100,"11610 I Ave, Hesperia, CA 92345",Not found,50
Artiphics Printing Inc.,http://www.artiphics.com,+12137499457,1515 Maple Ave,Not found,206
Print Theory®,http://printtheoryco.com,+15597071714,126 Ventura Ct,Not found,88
Sharp Printing,https://www.printshop-losangeles.com,+13236515552,"839 S La Brea Ave, Los Angeles, CA 90036",Not found,Not found
University Printing,http://www.universityprinting.org,+15626908954,"637 E Whittier Blvd, La Habra, CA 90631",Not found,27
CyberCopy Graphic and Print Solutions,http://www.cybercopyusa.com,+13107361001,"2766 S La Cienega Blvd, Los Angeles, CA 90034",Not found,43
Hi Speed Printing Services & Signs,https://hispeedprinting.net,+16263691051,"15652 Gale Ave, Hacienda Heights, CA 91745",Not found,69
LA Press Printing,https://www.lapressprinting.com,+13239368888,"5476 Wilshire Blvd, Los Angeles, CA 90036",Not found,27
Econoprint Printing & Graphics,http://econoweb.com,+16267951000,"1765 E Colorado Blvd, Pasadena, CA 91106",Not found,42
Guru Printers - Arts District,https://guruprinters.com,+12134660336,941 E 2nd St,Not found,27
Print X-Press & Copy Center,http://printingandcopycenter.com,+16264409472,"1188 E Colorado Blvd, Pasadena, CA 91106",Not found,77
Color Images Copy and Print,http://www.colorimages.com,+18185672900,"2320 W Olive Ave, Burbank, CA 91506",Not found,75
Staples Print & Marketing Services,https://stores.staples.com/ca/los-angeles/1701-south-figueroa/print-and-marketing-services,+12137466330,"1701 S Figueroa St, Los Angeles, CA 90015",Not found,36
Los Angeles Print Shop,http://printshop.la,+17608659708,"1950 S Santa Fe Ave, Los Angeles, CA 90021",Not found,3
Print Service LA,http://www.printservicela.com,+13239526002,1150 S Olive St,Not found,50
B PRINTING,https://bprintingsign.com,+13106455876,"1245 S La Brea Ave, Inglewood, CA 90301",Not found,364
"Henry Printing & Graphics, Inc",http://www.henrypg.com,+13234647228,"6124 Sunset Blvd, Los Angeles, CA 90028",Not found,26
Alliance Graphics & Printing dba AGP,https://flow.page/alliancegraphicsandprinting,+16612827411,1603 California Ave,Not found,39
Printers/Printex,http://printexonline.com,+13108363737,3272 Motor Ave,Not found,26
The Printing House,http://www.printinghouse.net,+18183800380,"16938 Ventura Blvd, Encino, CA 91316",Not found,26
Print Printing,http://www.printprinting.com,+17149926030,"670 Jefferson St suite g, Placentia, CA 92870",Not found,5
Professional Printing Center,http://www.proprintsla.com,+18188981537,"1203 San Fernando Rd, San Fernando, CA 91340",Not found,68
Kopy King Printing,https://kopykingprinting.com,+18183218627,"10601 Lev Ave, Mission Hills, CA 91345",Not found,21
Guru Printers,http://www.guruprinters.com,+12136124451,700 Flower St,Not found,35
Graphic EZ Print Shop Gardena,https://graphicezprint.com,+13106195387,"16605 S Broadway D, Gardena, CA 90248",Not found,27
Copy Network,http://www.copynetwork.com,+18182489898,"3600 Ocean View Blvd, Glendale, CA 91208",Not found,41
Sunset Printing,http://www.sunset-printing.com,+13103205365,"16301 S Broadway, Gardena, CA 90248",Not found,9
Overlap Print,http://overlapprint.com,+18184845877,33 E Orange Grove Ave,Not found,56
Platinum Print USA,http://platinumprintusa.com,+12139464783,380 S Los Angeles St,Not found,149
Titanium Prints,https://titanium-prints.com,+16614187352,626 W Lancaster Blvd,Not found,66
